nameId,firstName,familyName
1,OSCAR,AHMAD
2,RODRIGO,RAM
3,MIGUEL,ALI
4,JON,PATEL
5,MARTIN,LOPEZ
6,ELIA,PETROVA
7,GABRIELA,AHMED
8,MARTINA,BECKER
9,MARINA,GUZMAN
10,RAFAEL,KHAN
11,RODRIGO,LANGE
12,NOELIA,BIBI
13,IRIA,KUMAR
14,AITANA,FLORES
15,MARTINA,DASILVA
16,PAULA,GIRALDO
17,CARLOS,MUÑOZ
18,FRANCISCO,BOURAS
19,ALEX,GOMES
20,DAVID,CHAVEZ
21,TRIANA,VERMA
22,IRIA,MUÑOZ
23,THIAGO,JUSTINIANO
24,LUIS,JIMENEZ
25,NIL,FERNANDEZ
26,ANTONIO,ULLAH
27,ANNA,SILVA
28,DIANA,SCHMIDT
29,CLAUDIA,PEREZ
30,IVAN,MARIN
31,NOAH,CHERIF
32,IGNACIO,TORRES
33,MARIO,AMARA
34,LUNA,VASILEVA
35,ENZO,AHMED
36,ENZO,CHERIF
37,IBAI,LOPEZ
38,MOHAMED,RAMIREZ
39,ARIADNA,RUIZ
40,ENRIQUE,MORENO
41,EVA,AMARA
42,PAULA,ULLAH
43,MARA,GUTIERREZ
44,AZAHARA,LOPEZ
45,ALONSO,SANTOS
46,RAUL,GONZALEZ
47,LEYRE,GILL
48,DIEGO,BARBOSA
49,ARLET,JUSTINIANO
50,CHLOE,VIEIRA
51,MANUEL,RAZA
52,ALEJANDRA,HAMDI
53,ASIER,DEVI
54,MIRIAM,ALVAREZ
55,ADRIAN,FISCHER
56,NEREA,CHOQUE
57,FRANCISCO,RAMIREZ
58,CRISTINA,GOMES
59,ELSA,RAMIREZ
60,NADIA,RIBEIRO
61,IBAI,DJILALI
62,ENRIQUE,RUIZ
63,MALAK,ROJAS
64,ERIK,MEYER
65,IRENE,LANGE
66,YOUSSEF,DIAZ
67,SERGIO,DIAZ
68,MIREIA,BRAUN
69,SAUL,WAGNER
70,LUNA,MONTAÑO
71,CARLOTA,DESOUZA
72,IRIS,HADDAD
73,JOSE,ULLAH
74,MARC,DIAZ
75,ANDREA,GONZALES
76,FRANCISCO,LANGE
77,DIANA,RICHTER
78,AZAHARA,AHMAD
79,ALONSO,MOHAMEDSALEM
80,JOSE,HADDAD
81,JOEL,ALVAREZ
82,MARTINA,ALVAREZ
83,ARLET,DIMITROV
84,MIA,MOHAMED
85,MARTINA,SANCHEZ
86,AARON,LALWANI
87,UNAI,WEBER
88,ALBERTO,CASTRO
89,JOSEANTONIO,ALI
90,CRISTIAN,WEBER
91,ARLET,AHMED
92,CARMEN,FERNANDES
93,NATALIA,CHOQUE
94,JUAN,NEUMANN
95,RAYAN,SOSA
96,GERARD,AHMAD
97,FERNANDO,LAL
98,MIGUEL,RAZA
99,CANDELA,HERNANDEZ
100,HELENA,LANGE
101,NIL,GOMES
102,LAIA,RODRIGUES
103,CAYETANA,BACHIR
104,MARTI,DOSSANTOS
105,OLIVIA,GONZALES
106,POL,ANGELOV
107,VALENTINA,SINGH
108,POL,GOMEZ
109,MIA,CASTRO
110,DANIEL,VASILEVA
111,MARCOS,BACHIR
112,ANE,ALVAREZ
113,MARTINA,RUIZ
114,LOLA,RODRIGUEZ
115,JORGE,SAID
116,BIEL,ABBAS
117,LEIRE,HERNANDEZ
118,ADAM,GUTIERREZ
119,DANIELA,MARIN
120,VEGA,HERNANDEZ
121,POL,DOSSANTOS
122,OMAR,ANGELOV
123,MIREIA,DIMITROVA
124,MAURO,AMARA
125,ONA,RAM
126,MIREIA,SOSA
127,NICOLAS,PEREZ
128,TRIANA,MARTINEZ
129,RAUL,BENAISSA
130,MARINA,NIKOLOVA
131,ABRIL,RUIZ
132,ANE,GUTIERREZ
133,IAN,ROMERO
134,AFRICA,GILL
135,DYLAN,FERNANDEZ
136,CANDELA,IMRAN
137,JOSEANTONIO,HERNANDEZ
138,ANE,FERNANDEZ
139,AIMAR,LARBI
140,HELENA,ULLAH
141,RUBEN,IQBAL
142,DYLAN,LANGE
143,MIREIA,SLIMANI
144,CLOE,MAMANI
145,ABRAHAM,SHARMA
146,CARLOTA,VERMA
147,JON,IVANOVA
148,ENZO,CARDONA
149,NADIA,TORRES
150,BERTA,QUINTERO
151,LUCIA,KADDOUR
152,ALBERTO,HAMDI
153,SARA,CHAND
154,JON,BECKER
155,ADRIAN,KUMARI
156,LAURA,RODRIGUES
157,AINHOA,ABED
158,UNAI,DIMITROV
159,NAIARA,GIRALDO
160,JIMENA,VERMA
161,SILVIA,ROMERO
162,ARIADNA,DIAZ
163,RODRIGO,HAMDI
164,CARMEN,NIKOLOV
165,MAR,AKHTAR
166,IZAN,VIEIRA
167,EMMA,GARCIA
168,ERIC,RICHTER
169,MAURO,RICHTER
170,NOA,RODRIGUEZ
171,ARLET,VASILEVA
172,DARIO,VASILEV
173,BIEL,NIKOLOVA
174,ANA,FERREIRA
175,MAURO,MOHAMEDSALEM
176,ISABEL,LOPEZ
177,LOLA,KUMAR
178,AITOR,PETROV
179,ELSA,LANGE
180,RODRIGO,SCHMITZ
181,SERGIO,PAL
182,DARIO,MOHAMED
183,RAFAEL,HRISTOVA
184,DAVID,MONTAÑO
185,EMMA,SHAHZAD
186,JAVIER,JIMENEZ
187,IRENE,HOFFMANN
188,MARCOS,LARBI
189,RUBEN,MULLER
190,ELENA,RODRIGUEZ
191,ALONSO,TORRES
192,GAEL,MUHAMMAD
193,VERA,SANTOS
194,IRIA,RANI
195,NAIARA,SLIMANI
196,MARA,HUSSAIN
197,MIGUEL,IMRAN
198,IAN,FERNANDEZ
199,ONA,HERNANDEZ
200,CRISTIAN,MAHMOOD
201,DANIELA,GOMES
202,MARTA,IVANOVA
203,JAIME,RAMIREZ
204,NATALIA,PEREZ
205,LUCIA,GIRALDO
206,NOAH,SCHMIDT
207,LUNA,SOSA
208,MALAK,LAL
209,IRENE,IVANOVA
210,LOLA,FERREIRA
211,AYA,RANI
212,MIA,SCHAFER
213,FRANCISCO,GONZALEZ
214,NEREA,IVANOVA
215,PAOLA,MULLER
216,ARIADNA,RODRIGUEZ
217,SARA,LOPEZ
218,VALERIA,PETROVA
219,DYLAN,ALONSO
220,DAVID,PETROV
221,JULIA,AHMED
222,ANDREA,VARGAS
223,IGNACIO,GEORGIEVA
224,ABRIL,HERNANDEZ
225,HELENA,RODRIGUEZ
226,ISAAC,ROMERO
227,LUCIA,RODRIGUES
228,PAU,JUSTINIANO
229,BERTA,LOPEZ
230,CLARA,GONZALES
231,IRENE,GOMEZ
232,ISMAEL,PEREZ
233,TRIANA,GUTIERREZ
234,BIEL,MARIN
235,LEYRE,PETROV
236,LEYRE,BIBI
237,CRISTINA,BOURAS
238,MIREIA,LARBI
239,BIEL,RAMIREZ
240,DYLAN,SCHULZ
241,SARA,GOMEZ
242,CLARA,YAHIAOUI
243,OSCAR,FLORES
244,AIMAR,ULLAH
245,ADRIANA,STOYANOVA
246,JOEL,GOMES
247,AFRICA,GUTIERREZ
248,JANA,BIBI
249,ALBERTO,VASILEV
250,ALBA,NIKOLOV
251,HELENA,SAID
252,SOFIA,GONZALEZ
253,CLOE,IVANOVA
254,AFRICA,DJILALI
255,ANDRES,KADDOUR
256,PEDRO,LALWANI
257,NAIA,ROMERO
258,DIANA,SHAHZAD
259,ENZO,DIAZ
260,AIMAR,TORRES
261,ARLET,SCHAFER
262,JULEN,RODRIGUEZ
263,NORA,IQBAL
264,MARTI,JAVED
265,NATALIA,ALVES
266,AITOR,RODRIGUES
267,NATALIA,FISCHER
268,ANTONIO,BIBI
269,NAIARA,VIEIRA
270,ANGEL,MAHMOOD
271,YOUSSEF,SUAREZ
272,AFRICA,RODRIGUES
273,GONZALO,DIMITROV
274,IAN,RESTREPO
275,MARC,BEGUM
276,RUBEN,MORENO
277,MIGUELANGEL,TORRES
278,OSCAR,CHAVEZ
279,ANTONIO,VIEIRA
280,ISAAC,STOYANOVA
281,MIRIAM,FERNANDEZ
282,MANUELA,JUSTINIANO
283,MIREIA,QUINTERO
284,JULIA,SCHMITZ
285,NOAH,SCHAFER
286,NICOLAS,NIKOLOVA
287,IKER,DIAZ
288,MIGUELANGEL,RODRIGUEZ
289,NEREA,NIKOLOV
290,ALEX,HADDAD
291,SAUL,GIRALDO
292,SAMUEL,DIAS
293,NURIA,ALI
294,ISMAEL,FERNANDEZ
295,VERA,SAINI
296,SAUL,RANI
297,BIEL,MARTINEZ
298,ENZO,RIBEIRO
299,ANTONIO,KOCH
300,MARTI,SUAREZ
301,ISMAEL,SOSA
302,LUCA,SIDHU
303,CARLOS,PEREZ
304,CAYETANA,LOPEZ
305,ANA,FERNANDEZ
306,VALENTINA,GOMEZ
307,HELENA,GARCIA
308,ALBA,ROMERO
309,VALENTINA,VACA
310,ALICIA,ALONSO
311,PAU,CASTRO
312,ANGEL,GOMEZ
313,ALVARO,PEETERS
314,LUIS,BIBI
315,MARINA,FERNANDEZ
316,GABRIELA,MARTIN
317,IZAN,MEHMOOD
318,JOEL,DIAZ
319,NAHIA,RODRIGUEZ
320,ISABEL,GONZALEZ
321,GABRIEL,MARTIN
322,IAN,NIKOLOV
323,NAHIA,VASILEV
324,ELIA,SANCHEZ
325,RAFAEL,MARTIN
326,ALEJANDRA,JUSTINIANO
327,FRANCISCO,RAJ
328,GUILLERMO,WAGNER
329,ALBERTO,KOCH
330,LAIA,ARSHAD
331,UNAI,GEORGIEV
332,ANDRES,YORDANOV
333,MIA,AHMED
334,FRANCISCOJAVIER,MAHMOOD
335,VICTORIA,GUTIERREZ
336,OMAR,KUMARI
337,MARTI,ROJAS
338,DARIO,SAID
339,ABRIL,AMARA
340,LEO,SANDHU
341,AINARA,LAL
342,IGNACIO,STOYANOVA
343,IKER,MARTINEZ
344,SAMUEL,KADDOUR
345,NOELIA,STOYANOVA
346,RAFAEL,SCHMIDT
347,FRANCISCO,PEETERS
348,LUCA,ROMERO
349,JESUS,SANCHEZ
350,IVAN,TODOROV
351,MIREIA,ALI
352,THIAGO,IMRAN
353,ZOE,NIKOLOVA
354,LOLA,LARBI
355,ADRIAN,RAMIREZ
356,CAYETANA,KHAN
357,EVA,SANTOS
358,RAFAEL,RAMIREZ
359,SERGIO,GEORGIEV
360,MIRIAM,WOLF
361,GABRIEL,HERNANDEZ
362,LOLA,GARCIA
363,NAHIA,BACHIR
364,DANIEL,PAL
365,ANDREA,GUTIERREZ
366,PAULA,BHATIA
367,SALMA,IVANOV
368,IGNACIO,SUAREZ
369,GERARD,PEREZ
370,ALEJANDRA,GUTIERREZ
371,MARCOS,WEBER
372,ALEX,DESOUZA
373,SALMA,CHAVEZ
374,NADIA,STOYANOVA
375,MOHAMED,MARTINEZ
376,ERIK,MORENO
377,LUCA,WEBER
378,MIRIAM,SANCHEZ
379,ELSA,SAID
380,JIMENA,QUINTERO
381,ABRAHAM,MUÑOZ
382,RAUL,ARSHAD
383,MAR,GOMES
384,AYA,VASILEV
385,DAVID,RODRIGUEZ
386,JULEN,STOYANOVA
387,DIEGO,IMRAN
388,ALEX,FLORES
389,ALBA,HADDAD
390,EVA,GONZALES
391,FRANCISCOJAVIER,ROJAS
392,AROA,CUELLAR
393,GABRIEL,DIAS
394,JOAN,RUIZ
395,MIGUELANGEL,IVANOVA
396,NAHIA,SHARMA
397,TRIANA,ALI
398,MATEO,RAZA
399,LUIS,SANCHEZ
400,SOFIA,DASILVA
401,CAROLINA,SCHMIDT
402,CRISTINA,ABED
403,LUCA,RUIZ
404,NOAH,GARCIA
405,ADRIANA,FLORES
406,ALVARO,ARSHAD
407,JAN,VASILEV
408,SALMA,TORRES
409,MARTI,VACA
410,MANUELA,AMARA
411,VEGA,SOUZA
412,IRIA,TODOROV
413,NAIARA,MUHAMMAD
414,ALMA,ULLAH
415,SOFIA,MAHMOOD
416,MARCO,GONZALEZ
417,SILVIA,WEBER
418,VICTOR,VALENCIA
419,LOLA,SANDHU
420,ALEX,GEORGIEVA
421,JIMENA,DIMITROV
422,SARA,ALONSO
423,CHLOE,RODRIGUEZ
424,JOSEANTONIO,MULLER
425,NAIARA,VARGAS
426,NORA,GIRALDO
427,MOHAMED,DOSSANTOS
428,JAVIER,RUIZ
429,MAR,KUMARI
430,AZAHARA,STOYANOVA
431,FRANCISCOJAVIER,PEREZ
432,MIRIAM,STOYANOVA
433,AYA,RODRIGUES
434,FRANCISCOJAVIER,KOCH
435,NOA,SAID
436,SALMA,YORDANOV
437,ELENA,RODRIGUEZ
438,OLIVIA,SAINI
439,NOA,RODRIGUEZ
440,DIEGO,CASTRO
441,ARNAU,JUSTINIANO
442,MARIO,MAHMOOD
443,ANE,AHMED
444,NURIA,AMARA
445,ALEXIA,CHAVEZ
446,NOELIA,HERNANDEZ
447,ISABEL,GOMEZ
448,CARLA,GARCIA
449,PABLO,RAM
450,NOELIA,NIKOLOVA
451,CAYETANA,GARCIA
452,UNAI,FERREIRA
453,CARLOTA,AHMAD
454,JIMENA,MEYER
455,IRENE,DESOUZA
456,JAVIER,PAL
457,ADRIANA,DIMITROV
458,THIAGO,IQBAL
459,VICTOR,MUÑOZ
460,HELENA,VERMA
461,TRIANA,JIMENEZ
462,SERGIO,DIAZ
463,JOAN,RUIZ
464,ANDRES,RAMIREZ
465,SOFIA,HRISTOV
466,JON,PETROV
467,PEDRO,FLORES
468,THIAGO,KAUR
469,DYLAN,MARTINS
470,ISABEL,RUIZ
471,OSCAR,GONZALEZ
472,MANUELA,SANDHU
473,LUCA,DESOUZA
474,NOA,RODRIGUEZ
475,MARINA,NIKOLOVA
476,DAVID,SCHULZ
477,CLAUDIA,PAL
478,LEIRE,PAL
479,GONZALO,LAL
480,VALENTINA,NEUMANN
481,OLIVER,BOURAS
482,GABRIEL,STOYANOVA
483,ADRIANA,MOHAMED
484,MARINA,VARGAS
485,JULEN,BEGUM
486,ABRIL,TORRES
487,AITOR,VACA
488,OMAR,GONZALEZ
489,ALMA,GUTIERREZ
490,ANE,FERREIRA
491,DAVID,CHAND
492,JOAN,YORDANOV
493,AARON,HAMDI
494,ALVARO,PEREZ
495,JOSE,QUINTERO
496,GERARD,PETROVA
497,AINA,ALVES
498,ARIADNA,PEETERS
499,ELIA,DASILVA
500,MAURO,MARTIN
501,LEO,DIAS
502,RAYAN,CHOQUE
503,CHLOE,CHERIF
504,CLOE,SHAHZAD
505,SOFIA,PATEL
506,MIGUELANGEL,RUIZ
507,SAUL,ULLAH
508,CRISTINA,TODOROVA
509,MAURO,TODOROV
510,AYA,CASTRO
511,TRIANA,DIAZ
512,MARCOS,YORDANOV
513,ALEJANDRA,DIAZ
514,LEO,GONZALEZ
515,LUCA,RODRIGUEZ
516,BERTA,JAVED
517,FRANCISCO,SLIMANI
518,CANDELA,NEUMANN
519,LARA,LAL
520,MANUELA,GUTIERREZ
521,RAUL,PEREZ
522,MANUEL,SHARMA
523,ABRIL,GOMEZ
524,CARLA,MARTINEZ
525,CARLOTA,TODOROV
526,LIA,FISCHER
527,NOAH,ANGELOVA
528,VERA,SIDHU
529,LUNA,NIKOLOV
530,ANNA,MAMANI
531,CAYETANA,CHOQUE
532,GUILLERMO,MARTIN
533,HECTOR,HERNANDEZ
534,MANUEL,BENAISSA
535,AIMAR,ABED
536,MARINA,CARDONA
537,TRIANA,ALVAREZ
538,YOUSSEF,SANTOS
539,MIA,NIKOLOV
540,NAHIA,BRAUN
541,JON,RODRIGUEZ
542,MIGUELANGEL,GARCIA
543,JAN,GONZALEZ
544,AITOR,MUÑOZ
545,ZOE,JUSTINIANO
546,LOLA,GARCIA
547,CARMEN,GEORGIEVA
548,ALICIA,PEREZ
549,NADIA,ALVAREZ
550,IBAI,BENAISSA
551,LUCIA,DASILVA
552,BIEL,NIKOLOVA
553,TRIANA,MUÑOZ
554,MARCOS,VASILEV
555,NEREA,SCHNEIDER
556,JULEN,ANGELOVA
557,CHLOE,DIMITROVA
558,ANA,CHERIF
559,NIL,GIRALDO
560,THIAGO,IQBAL
561,ARNAU,ROMERO
562,NAIARA,VIEIRA
563,MIRIAM,SANCHEZ
564,MARTINA,SHARMA
565,SAMUEL,AFZAL
566,LEO,ROMERO
567,ANNA,CASTRO
568,CLARA,RESTREPO
569,EDUARDO,SCHAFER
570,IRIS,SAINI
571,ALICIA,CASTRO
572,UNAI,RAM
573,MANUEL,SANCHEZ
574,ISAAC,SCHAFER
575,MIREIA,MUÑOZ
576,SOFIA,LOPEZ
577,MARTIN,VACA
578,ISAAC,RAMIREZ
579,CANDELA,BARBOSA
580,MARTA,BRAUN
581,ABRAHAM,SHARMA
582,GABRIEL,LOPEZ
583,ARIADNA,ABED
584,JORGE,ANGELOVA
585,IVAN,ANGELOVA
586,RAUL,RODRIGUEZ
587,HELENA,MULLER
588,GABRIELA,BRAUN
589,VERA,STOYANOVA
590,MIRIAM,ALVAREZ
591,SANTIAGO,VASILEV
592,NOA,TORRES
593,DYLAN,BRAUN
594,AINA,BARBOSA
595,FRANCISCO,BEGUM
596,CANDELA,SOUZA
597,DANIELA,ANGELOV
598,AINHOA,CHERIF
599,ALEJANDRO,PAL
600,NORA,GUTIERREZ
601,CELIA,GEORGIEV
602,RODRIGO,ULLAH
603,AYA,JIMENEZ
604,RUBEN,KOCH
605,CELIA,IVANOV
606,LEYRE,JIMENEZ
607,NICOLAS,LANGE
608,MARTIN,CHERIF
609,NOELIA,CHOQUE
610,SAUL,BRAUN
611,LAURA,BENAISSA
612,JESUS,PATEL
613,THIAGO,DIAZ
614,ALBA,GOMEZ
615,IZAN,PEREIRA
616,AARON,FLORES
617,ABRAHAM,ANGELOVA
618,JUAN,ALI
619,ISAAC,JIMENEZ
620,NIL,BRAUN
621,MARTI,MAHMOOD
622,ISMAEL,TODOROV
623,ADRIANA,RODRIGUEZ
624,ALVARO,HUSSAIN
625,MIGUELANGEL,MUÑOZ
626,LUCA,IQBAL
627,JULIA,DOSSANTOS
628,MALAK,MARTINEZ
629,ZOE,LOPEZ
630,LEIRE,ABED
631,ANDREA,SOSA
632,ARIADNA,LALWANI
633,BRUNO,CHOQUE
634,RAFAEL,MARIN
635,AROA,FERREIRA
636,HECTOR,ROMERO
637,MATEO,MAHMOOD
638,ARIADNA,RAJ
639,UNAI,DIAZ
640,ERIK,MEHMOOD
641,RAUL,RODRIGUEZ
642,MANUELA,PEREZ
643,BRUNO,AHMAD
644,MARA,JIMENEZ
645,PABLO,GILL
646,MAR,ANGELOV
647,JOSE,DIAS
648,LEO,SCHNEIDER
649,CLOE,GUTIERREZ
650,VALENTINA,SOARES
651,MARIO,MARTINEZ
652,ADRIAN,DIAS
653,FERNANDO,GUTIERREZ
654,LUIS,RAMIREZ
655,ARNAU,LAL
656,ERIK,MARTIN
657,ANDRES,GEORGIEV
658,IRIA,MEYER
659,LEIRE,FERREIRA
660,ALEXIA,VALENCIA
661,ROCIO,DOSSANTOS
662,VICTORIA,KADDOUR
663,ALEJANDRO,ROJAS
664,ANNA,DIMITROVA
665,MAURO,IVANOV
666,NIL,HERNANDEZ
667,NORA,RIBEIRO
668,MARINA,SANCHEZ
669,ERIC,SOARES
670,JAIME,VARGAS
671,ALEIX,RAZA
672,JORGE,LANGE
673,JULEN,BENAISSA
674,MARC,GOMES
675,CRISTINA,HAMDI
676,JUAN,GEORGIEV
677,VERA,FLORES
678,ALVARO,HUSSAIN
679,RAYAN,PATEL
680,CARLA,AKHTAR
681,JULEN,GONZALES
682,PABLO,VIEIRA
683,ALBA,VERMA
684,ISAAC,LOPEZ
685,THIAGO,FERNANDES
686,NATALIA,SALEM
687,ANDREA,DASILVA
688,AYA,PEREIRA
689,NAHIA,FERNANDES
690,AFRICA,RODRIGUES
691,ARLET,RUIZ
692,LEO,FERNANDES
693,JOEL,MAHMOOD
694,ENRIQUE,MARTINEZ
695,FRANCISCOJAVIER,ABBAS
696,DARIO,FERREIRA
697,JOSEANTONIO,ROMERO
698,AZAHARA,RODRIGUEZ
699,AINHOA,SCHMITZ
700,ANTONIO,HERNANDEZ
